date,avg_daily_price
2019-01-01,3737.6324999999997
2019-01-02,3821.9
2019-01-03,3804.2725
2019-01-04,3771.605
2019-01-05,3788.26
2019-01-06,3881.6075
2019-01-07,3975.625
2019-01-08,3976.1725000000006
2019-01-09,3964.7374999999997
2019-01-10,3771.9875
2019-01-11,3577.5475
2019-01-12,3583.1575000000003
2019-01-13,3528.3275
2019-01-14,3560.635
2019-01-15,3586.0449999999996
2019-01-16,3583.3525
2019-01-17,3593.285
2019-01-18,3598.4849999999997
2019-01-19,3643.6000000000004
2019-01-20,3593.44
2019-01-21,3525.2925
2019-01-22,3535.29
2019-01-23,3561.4275
2019-01-24,3560.2024999999994
2019-01-25,3561.005
2019-01-26,3584.9700000000003
2019-01-27,3545.365
2019-01-28,3480.555
2019-01-29,3409.6025
2019-01-30,3433.33
2019-01-31,3449.9
2019-02-01,3446.3424999999997
2019-02-02,3483.415
2019-02-03,3474.815
2019-02-04,3459.8799999999997
2019-02-05,3465.5525
2019-02-06,3434.915
2019-02-07,3405.4625
2019-02-08,3541.0299999999997
2019-02-09,3657.65
2019-02-10,3659.9975
2019-02-11,3652.8075
2019-02-12,3628.1125
2019-02-13,3625.665
2019-02-14,3598.3525
2019-02-15,3604.93
2019-02-16,3616.7524999999996
2019-02-17,3647.3275
2019-02-18,3786.555
2019-02-19,3913.915
2019-02-20,3933.6825
2019-02-21,3956.14
2019-02-22,3953.49
2019-02-23,4043.7325
2019-02-24,3943.055
2019-02-25,3796.035
2019-02-26,3814.045
2019-02-27,3785.85
2019-02-28,3820.9
2019-03-01,3826.8175
2019-03-02,3813.915
2019-03-03,3811.0099999999998
2019-03-04,3755.8275000000003
2019-03-05,3788.62
2019-03-06,3859.8775
2019-03-07,3870.3199999999997
2019-03-08,3867.63
2019-03-09,3908.6050000000005
2019-03-10,3921.3424999999997
2019-03-11,3888.645
2019-03-12,3871.3999999999996
2019-03-13,3870.5625
2019-03-14,3868.3875
2019-03-15,3903.0750000000003
2019-03-16,3977.35
2019-03-17,3987.2825
2019-03-18,3989.9975
2019-03-19,4001.09
2019-03-20,4022.755
2019-03-21,3993.2525
2019-03-22,3986.0075
2019-03-23,3997.685
2019-03-24,3988.5525000000002
2019-03-25,3953.87
2019-03-26,3934.25
2019-03-27,3992.7425000000003
2019-03-28,4027.2724999999996
2019-03-29,4069.8025000000002
2019-03-30,4100.8025
2019-03-31,4102.4075
2019-04-01,4118.175
2019-04-02,4510.09
2019-04-03,4954.575000000001
2019-04-04,4911.8325
2019-04-05,4953.1075
2019-04-06,5045.61
2019-04-07,5118.085
2019-04-08,5187.7925
2019-04-09,5175.865
2019-04-10,5253.8125
2019-04-11,5146.224999999999
2019-04-12,5001.795
2019-04-13,5048.805
2019-04-14,5082.9349999999995
2019-04-15,5068.4025
2019-04-16,5100.0825
2019-04-17,5188.4349999999995
2019-04-18,5236.662499999999
2019-04-19,5253.03
2019-04-20,5278.4825
2019-04-21,5257.1
2019-04-22,5305.725
2019-04-23,5445.715
2019-04-24,5455.365
2019-04-25,5307.1849999999995
2019-04-26,5301.547500000001
2019-04-27,5302.715
2019-04-28,5300.6725
2019-04-29,5264.6875
2019-04-30,5272.7699999999995
2019-05-01,5355.835
2019-05-02,5446.0175
2019-05-03,5647.2675
2019-05-04,5771.88
2019-05-05,5785.3375
2019-05-06,5736.2775
2019-05-07,5843.1025
2019-05-08,5905.137500000001
2019-05-09,6101.025
2019-05-10,6306.049999999999
2019-05-11,6792.055
2019-05-12,7078.8325
2019-05-13,7432.237499999999
2019-05-14,7927.185
2019-05-15,8053.5325
2019-05-16,8015.1675000000005
2019-05-17,7515.4825
2019-05-18,7306.835
2019-05-19,7730.992499999999
2019-05-20,7948.780000000001
2019-05-21,7913.8375
2019-05-22,7753.4775
2019-05-23,7720.3225
2019-05-24,7927.705
2019-05-25,7997.5175
2019-05-26,8302.7125
2019-05-27,8716.545
2019-05-28,8694.32
2019-05-29,8629.7875
2019-05-30,8498.825
2019-05-31,8381.15
2019-06-01,8541.8575
2019-06-02,8652.465
2019-06-03,8430.8925
2019-06-04,7849.8425
2019-06-05,7733.255
2019-06-06,7719.3725
2019-06-07,7901.397499999999
2019-06-08,7917.0525
2019-06-09,7741.2675
2019-06-10,7785.33
2019-06-11,7892.032499999999
2019-06-12,8000.3825
2019-06-13,8166.5075
2019-06-14,8423.7925
2019-06-15,8723.05
2019-06-16,8964.275
2019-06-17,9165.24
2019-06-18,9170.009999999998
2019-06-19,9150.365
2019-06-20,9384.02
2019-06-21,9842.7425
2019-06-22,10492.77
2019-06-23,10895.7225
2019-06-24,10931.7425
2019-06-25,11438.3625
2019-06-26,12656.52
2019-06-27,12107.877499999999
2019-06-28,11798.374999999998
2019-06-29,12056.687499999998
2019-06-30,11425.814999999999
2019-07-01,10697.8275
2019-07-02,10533.375
2019-07-03,11404.4775
2019-07-04,11535.1675
2019-07-05,11079.9175
2019-07-06,11217.102499999999
2019-07-07,11323.765
2019-07-08,11801.6575
2019-07-09,12411.185000000001
2019-07-10,12343.24
2019-07-11,11640.682499999999
2019-07-12,11514.525
2019-07-13,11435.74
2019-07-14,10771.24
2019-07-15,10493.225
2019-07-16,10162.845000000001
2019-07-17,9528.7725
2019-07-18,10084.005000000001
2019-07-19,10506.119999999999
2019-07-20,10666.25
2019-07-21,10608.904999999999
2019-07-22,10428.404999999999
2019-07-23,10093.49
2019-07-24,9772.515
2019-07-25,9884.575
2019-07-26,9808.2825
2019-07-27,9705.545
2019-07-28,9445.1125
2019-07-29,9543.295
2019-07-30,9549.89
2019-07-31,9830.0825
2019-08-01,10196.71
2019-08-02,10462.525
2019-08-03,10685.8275
2019-08-04,10834.5225
2019-08-05,11406.0275
2019-08-06,11717.272500000001
2019-08-07,11745.182499999999
2019-08-08,11888.9525
2019-08-09,11904.96
2019-08-10,11611.072499999998
2019-08-11,11392.83
2019-08-12,11437.0925
2019-08-13,11133.917500000001
2019-08-14,10442.327500000001
2019-08-15,10180.0225
2019-08-16,10228.585000000001
2019-08-17,10253.0775
2019-08-18,10275.7075
2019-08-19,10602.5775
2019-08-20,10796.3
2019-08-21,10391.3025
2019-08-22,10061.175
2019-08-23,10238.560000000001
2019-08-24,10207.9825
2019-08-25,10129.317500000001
2019-08-26,10314.2175
2019-08-27,10250.2025
2019-08-28,9951.675000000001
2019-08-29,9565.86
2019-08-30,9532.490000000002
2019-08-31,9568.8725
2019-09-01,9665.93
2019-09-02,10056.5225
2019-09-03,10500.07
2019-09-04,10586.939999999999
2019-09-05,10620.102499999999
2019-09-06,10479.432499999999
2019-09-07,10400.289999999999
2019-09-08,10409.395
2019-09-09,10308.215
2019-09-10,10184.68
2019-09-11,10107.380000000001
2019-09-12,10265.6425
2019-09-13,10337.2675
2019-09-14,10330.3675
2019-09-15,10311.7425
2019-09-16,10246.9125
2019-09-17,10210.1275
2019-09-18,10175.6225
2019-09-19,10094.675
2019-09-20,10188.67
2019-09-21,10057.7525
2019-09-22,9989.247500000001
2019-09-23,9849.015
2019-09-24,8947.5825
2019-09-25,8468.31
2019-09-26,8177.4425
2019-09-27,8089.6375
2019-09-28,8173.092500000001
2019-09-29,8090.5824999999995
2019-09-30,8094.91
2019-10-01,8313.865
2019-10-02,8294.435000000001
2019-10-03,8259.24
2019-10-04,8149.7425
2019-10-05,8114.9175
2019-10-06,7980.1675
2019-10-07,8026.8275
2019-10-08,8193.24
2019-10-09,8379.1325
2019-10-10,8544.675000000001
2019-10-11,8452.0525
2019-10-12,8302.01
2019-10-13,8297.09
2019-10-14,8303.8225
2019-10-15,8249.7875
2019-10-16,8062.299999999999
2019-10-17,8029.887500000001
2019-10-18,7987.182500000001
2019-10-19,7964.980000000001
2019-10-20,8085.055
2019-10-21,8223.912499999999
2019-10-22,8128.8175
2019-10-23,7708.5675
2019-10-24,7430.6375
2019-10-25,8056.8575
2019-10-26,9181.564999999999
2019-10-27,9407.3125
2019-10-28,9448.8675
2019-10-29,9308.5175
2019-10-30,9243.2975
2019-10-31,9153.2175
2019-11-01,9170.3675
2019-11-02,9270.217499999999
2019-11-03,9228.3175
2019-11-04,9304.8325
2019-11-05,9332.942500000001
2019-11-06,9334.425
2019-11-07,9257.84
2019-11-08,8986.182499999999
2019-11-09,8797.0075
2019-11-10,8936.460000000001
2019-11-11,8866.1075
2019-11-12,8752.725
2019-11-13,8786.505000000001
2019-11-14,8701.705
2019-11-15,8577.0275
2019-11-16,8476.41
2019-11-17,8494.705
2019-11-18,8313.39
2019-11-19,8135.442499999999
2019-11-20,8133.6325000000015
2019-11-21,7840.2575
2019-11-22,7359.005
2019-11-23,7251.0725
2019-11-24,7101.4425
2019-11-25,6975.6224999999995
2019-11-26,7155.9025
2019-11-27,7289.5675
2019-11-28,7482.5975
2019-11-29,7592.625
2019-11-30,7633.469999999999
2019-12-01,7420.8425
2019-12-02,7314.360000000001
2019-12-03,7307.12
2019-12-04,7326.0075
2019-12-05,7304.6475
2019-12-06,7452.875
2019-12-07,7526.4475
2019-12-08,7484.070000000001
2019-12-09,7442.9375
2019-12-10,7281.867500000001
2019-12-11,7208.827499999999
2019-12-12,7195.844999999999
2019-12-13,7239.0125
2019-12-14,7151.2975
2019-12-15,7097.845
2019-12-16,6999.33
2019-12-17,6754.3675
2019-12-18,6944.1675
2019-12-19,7211.61
2019-12-20,7159.66
2019-12-21,7154.085
2019-12-22,7318.51
2019-12-23,7444.755
2019-12-24,7291.6975
2019-12-25,7215.257500000001
2019-12-26,7249.7825
2019-12-27,7202.254999999999
2019-12-28,7293.6475
2019-12-29,7380.012499999999
2019-12-30,7315.6675
2019-12-31,7226.56
2020-01-01,7206.5599999999995
2020-01-02,7075.93
2020-01-03,7146.6224999999995
2020-01-04,7343.83
2020-01-05,7381.485
2020-01-06,7564.4349999999995
2020-01-07,7958.8925
2020-01-08,8131.724999999999
2020-01-09,7919.610000000001
2020-01-10,7971.44
2020-01-11,8127.092500000001
2020-01-12,8090.4975
2020-01-13,8136.8
2020-01-14,8476.4725
2020-01-15,8779.1325
2020-01-16,8746.4575
2020-01-17,8836.88
2020-01-18,8906.1225
2020-01-19,8820.442500000001
2020-01-20,8653.085
2020-01-21,8663.845
2020-01-22,8706.6
2020-01-23,8521.372500000001
2020-01-24,8402.385
2020-01-25,8371.4325
2020-01-26,8466.7
2020-01-27,8764.24
2020-01-28,9136.045
2020-01-29,9335.5275
2020-01-30,9399.305
2020-01-31,9401.16
2020-02-01,9370.4625
2020-02-02,9328.237500000001
2020-02-03,9369.155
2020-02-04,9232.845000000001
2020-02-05,9432.6825
2020-02-06,9693.2375
2020-02-07,9800.182499999999
2020-02-08,9829.0075
2020-02-09,10023.385
2020-02-10,9986.8875
2020-02-11,10024.6025
2020-02-12,10305.655
2020-02-13,10283.74
2020-02-14,10266.2675
2020-02-15,10106.27
2020-02-16,9877.462500000001
2020-02-17,9758.3825
2020-02-18,9924.18
2020-02-19,9839.6425
2020-02-20,9572.5175
2020-02-21,9644.994999999999
2020-02-22,9649.275000000001
2020-02-23,9805.5625
2020-02-24,9764.0225
2020-02-25,9474.09
2020-02-26,9028.199999999999
2020-02-27,8777.994999999999
2020-02-28,8715.29
2020-02-29,8631.99
2020-03-01,8554.1225
2020-03-02,8727.3225
2020-03-03,8810.475
2020-03-04,8754.8075
2020-03-05,8927.907500000001
2020-03-06,9085.505
2020-03-07,9010.1375
2020-03-08,8451.33
2020-03-09,7943.9875
2020-03-10,7925.36
2020-03-11,7849.7725
2020-03-12,6277.6875
2020-03-13,5028.9349999999995
2020-03-14,5360.9400000000005
2020-03-15,5391.72
2020-03-16,5049.21
2020-03-17,5196.9875
2020-03-18,5287.805
2020-03-19,5802.04
2020-03-20,6235.1025
2020-03-21,6177.1375
2020-03-22,6036.277499999999
2020-03-23,6142.84
2020-03-24,6603.575000000001
2020-03-25,6707.52
2020-03-26,6676.195
2020-03-27,6549.9925
2020-03-28,6244.9400000000005
2020-03-29,6062.657499999999
2020-03-30,6182.910000000001
2020-03-31,6412.38
2020-04-01,6471.2775
2020-04-02,6796.6125
2020-04-03,6794.514999999999
2020-04-04,6807.594999999999
2020-04-05,6800.8125
2020-04-06,7055.705
2020-04-07,7265.9775
2020-04-08,7282.15
2020-04-09,7280.950000000001
2020-04-10,7044.547500000001
2020-04-11,6860.012500000001
2020-04-12,6934.4075
2020-04-13,6805.1225
2020-04-14,6859.755
2020-04-15,6756.952499999999
2020-04-16,6845.365
2020-04-17,7062.66
2020-04-18,7145.715
2020-04-19,7172.772499999999
2020-04-20,6979.807500000001
2020-04-21,6843.0875
2020-04-22,6985.219999999999
2020-04-23,7341.3775
2020-04-24,7498.23
2020-04-25,7544.9349999999995
2020-04-26,7603.032499999999
2020-04-27,7716.435
2020-04-28,7737.9025
2020-04-29,8295.0225
2020-04-30,8814.895
2020-05-01,8779.925
2020-05-02,8890.18
2020-05-03,8944.685000000001
2020-05-04,8809.5275
2020-05-05,8943.0825
2020-05-06,9116.3725
2020-05-07,9554.45
2020-05-08,9881.8175
2020-05-09,9693.4175
2020-05-10,8988.425
2020-05-11,8663.0725
2020-05-12,8719.9675
2020-05-13,9077.8375
2020-05-14,9574.2725
2020-05-15,9526.0025
2020-05-16,9376.307499999999
2020-05-17,9567.7375
2020-05-18,9707.317500000001
2020-05-19,9720.1675
2020-05-20,9613.64
2020-05-21,9243.3875
2020-05-22,9110.5075
2020-05-23,9181.75
2020-05-24,8974.337500000001
2020-05-25,8810.217499999999
2020-05-26,8864.8
2020-05-27,9020.45
2020-05-28,9378.8575
2020-05-29,9484.55
2020-05-30,9548.887499999999
2020-05-31,9556.85
2020-06-01,9862.677500000002
2020-06-02,9803.935
2020-06-03,9559.8675
2020-06-04,9696.752499999999
2020-06-05,9711.2625
2020-06-06,9638.38
2020-06-07,9647.074999999999
2020-06-08,9740.5
2020-06-09,9750.3575
2020-06-10,9838.585
2020-06-11,9560.655
2020-06-12,9383.41
2020-06-13,9446.0075
2020-06-14,9385.3575
2020-06-15,9293.3925
2020-06-16,9478.432499999999
2020-06-17,9448.43
2020-06-18,9405.1125
2020-06-19,9337.66
2020-06-20,9308.782500000001
2020-06-21,9339.295
2020-06-22,9509.3675
2020-06-23,9651.9025
2020-06-24,9449.705
2020-06-25,9224.3775
2020-06-26,9188.787499999999
2020-06-27,9050.8625
2020-06-28,9066.852499999999
2020-06-29,9142.8475
2020-06-30,9150.342499999999
2020-07-01,9185.545
2020-07-02,9130.1225
2020-07-03,9076.817500000001
2020-07-04,9105.8225
2020-07-05,9060.669999999998
2020-07-06,9211.1325
2020-07-07,9295.57
2020-07-08,9348.615
2020-07-09,9317.32
2020-07-10,9240.810000000001
2020-07-11,9249.975
2020-07-12,9259.817500000001
2020-07-13,9272.66
2020-07-14,9222.75
2020-07-15,9222.6275
2020-07-16,9151.18
2020-07-17,9141.17
2020-07-18,9166.2475
2020-07-19,9178.227499999999
2020-07-20,9180.5725
2020-07-21,9285.3275
2020-07-22,9428.29
2020-07-23,9556.439999999999
2020-07-24,9560.377499999999
2020-07-25,9621.105
2020-07-26,9848.24
2020-07-27,10568.3925
2020-07-28,10935.865000000002
2020-07-29,11040.404999999999
2020-07-30,11050.282500000001
2020-07-31,11209.8125
2020-08-01,11554.4075
2020-08-02,11378.619999999999
2020-08-03,11175.0425
2020-08-04,11206.657500000001
2020-08-05,11452.7075
2020-08-06,11742.4675
2020-08-07,11647.16
2020-08-08,11669.010000000002
2020-08-09,11690.445
2020-08-10,11772.99
2020-08-11,11586.245
2020-08-12,11430.985
2020-08-13,11601.915
2020-08-14,11756.085000000001
2020-08-15,11818.237500000001
2020-08-16,11845.279999999999
2020-08-17,12107.474999999999
2020-08-18,12107.965
2020-08-19,11820.192500000001
2020-08-20,11790.982499999998
2020-08-21,11687.1725
2020-08-22,11564.25
2020-08-23,11635.96
2020-08-24,11701.5775
2020-08-25,11488.025
2020-08-26,11390.7925
2020-08-27,11377.25
2020-08-28,11419.2075
2020-08-29,11497.45
2020-08-30,11588.5
2020-08-31,11682.862500000001
2020-09-01,11784.3325
2020-09-02,11606.295
2020-09-03,10738.1975
2020-09-04,10271.7725
2020-09-05,10250.905
2020-09-06,10191.2225
2020-09-07,10228.77
2020-09-08,10197.025
2020-09-09,10167.467499999999
2020-09-10,10277.585000000001
2020-09-11,10330.5875
2020-09-12,10394.0075
2020-09-13,10388.4025
2020-09-14,10491.7375
2020-09-15,10748.4
2020-09-16,10873.365
2020-09-17,10921.3225
2020-09-18,10931.064999999999
2020-09-19,11020.302500000002
2020-09-20,10951.14
2020-09-21,10655.6775
2020-09-22,10468.135
2020-09-23,10361.26
2020-09-24,10490.9875
2020-09-25,10684.9425
2020-09-26,10720.1975
2020-09-27,10724.165
2020-09-28,10761.595000000001
2020-09-29,10760.0
2020-09-30,10782.91
2020-10-01,10688.18
2020-10-02,10557.0425
2020-10-03,10553.119999999999
2020-10-04,10605.86
2020-10-05,10718.1175
2020-10-06,10679.215
2020-10-07,10623.52
2020-10-08,10768.095000000001
2020-10-09,10977.43
2020-10-10,11221.3425
2020-10-11,11332.060000000001
2020-10-12,11447.32
2020-10-13,11451.449999999999
2020-10-14,11416.61
2020-10-15,11447.795
2020-10-16,11391.4
2020-10-17,11334.215
2020-10-18,11428.6675
2020-10-19,11621.64
2020-10-20,11844.354999999998
2020-10-21,12448.897500000001
2020-10-22,12903.087500000001
2020-10-23,12909.92
2020-10-24,13017.880000000001
2020-10-25,13094.64
2020-10-26,13021.41
2020-10-27,13374.37
2020-10-28,13412.51
2020-10-29,13321.445
2020-10-30,13450.1925
2020-10-31,13715.65
2020-11-01,13762.625
2020-11-02,13583.977499999999
2020-11-03,13731.064999999999
2020-11-04,13987.885
2020-11-05,14894.3975
2020-11-06,15573.985
2020-11-07,15123.9925
2020-11-08,15161.82
2020-11-09,15362.2625
2020-11-10,15289.519999999999
2020-11-11,15554.7825
2020-11-12,15939.3625
2020-11-13,16261.224999999999
2020-11-14,16096.869999999999
2020-11-15,15995.32
2020-11-16,16353.6425
2020-11-17,17192.32
2020-11-18,17781.719999999998
2020-11-19,17774.005
2020-11-20,18253.434999999998
2020-11-21,18658.485
2020-11-22,18369.7725
2020-11-23,18386.97
2020-11-24,18741.247499999998
2020-11-25,18965.8975
2020-11-26,17742.8325
2020-11-27,17046.1725
2020-11-28,17401.3575
2020-11-29,17945.47
2020-11-30,18982.255
2020-12-01,19087.487499999996
2020-12-02,18910.2625
2020-12-03,19272.795
2020-12-04,19041.2925
2020-12-05,18868.7925
2020-12-06,19196.015
2020-12-07,19212.340000000004
2020-12-08,18746.4625
2020-12-09,18288.739999999998
2020-12-10,18316.09
2020-12-11,18039.1
2020-12-12,18453.645
2020-12-13,19026.45
2020-12-14,19199.2825
2020-12-15,19330.03
2020-12-16,20400.1375
2020-12-17,22290.670000000002
2020-12-18,22884.93
2020-12-19,23462.6175
2020-12-20,23658.030000000002
2020-12-21,23023.254999999997
2020-12-22,23180.292500000003
2020-12-23,23435.8875
2020-12-24,23364.859999999997
2020-12-25,24166.230000000003
2020-12-26,25643.2225
2020-12-27,26724.265
2020-12-28,26740.487500000003
2020-12-29,26938.605
2020-12-30,28144.135000000002
2020-12-31,28737.295000000002
2021-01-01,29119.972500000003
2021-01-02,30939.14
2021-01-03,32979.4
2021-01-04,31679.690000000002
2021-01-05,32549.82
2021-01-06,35236.524999999994
2021-01-07,38216.66
2021-01-08,39616.3225
2021-01-09,40193.795
2021-01-10,38674.8375
2021-01-11,35559.807499999995
2021-01-12,34655.1525
2021-01-13,35412.6325
2021-01-14,38329.277500000004
2021-01-15,37510.7975
2021-01-16,36510.0525
2021-01-17,35631.52250000001
2021-01-18,36181.5225
2021-01-19,36552.002499999995
2021-01-20,35296.37
2021-01-21,32997.340000000004
2021-01-22,31618.4225
2021-01-23,32468.54
2021-01-24,32077.225
2021-01-25,32824.6625
2021-01-26,32120.302499999998
2021-01-27,31157.292500000003
2021-01-28,31838.282499999998
2021-01-29,34516.92
2021-01-30,34066.79
2021-01-31,33467.5575
2021-02-01,33408.1925
2021-02-02,34596.415
2021-02-03,36529.1475
2021-02-04,37356.785
2021-02-05,37526.7525
2021-02-06,39161.927500000005
2021-02-07,38756.925
2021-02-08,42488.475
2021-02-09,46474.64
2021-02-10,45566.25
2021-02-11,46362.5025
2021-02-12,47591.76500000001
2021-02-13,47201.0925
2021-02-14,48114.0425
2021-02-15,47768.32
2021-02-16,48684.337499999994
2021-02-17,50704.725
2021-02-18,51775.5425
2021-02-19,53634.2025
2021-02-20,55827.895
2021-02-21,56770.037500000006
2021-02-22,54157.6225
2021-02-23,50513.705
2021-02-24,49232.72
2021-02-25,48866.5025
2021-02-26,46470.3725
2021-02-27,46444.3275
2021-02-28,45219.4475
2021-03-01,47365.4175
2021-03-02,48821.0025
2021-03-03,49881.6725
2021-03-04,49499.335
2021-03-05,48218.682499999995
2021-03-06,48474.7525
2021-03-07,50046.545
2021-03-08,51252.932499999995
2021-03-09,53486.0225
2021-03-10,55279.737499999996
2021-03-11,56511.8925
2021-03-12,57009.805
2021-03-13,59083.08500000001
2021-03-14,60212.065
2021-03-15,57453.677500000005
2021-03-16,55678.895
2021-03-17,57228.0325
2021-03-18,58428.525
2021-03-19,57852.4375
2021-03-20,58458.115
2021-03-21,57372.697499999995
2021-03-22,55878.885
2021-03-23,54313.759999999995
2021-03-24,53886.612499999996
2021-03-25,51828.0
2021-03-26,53151.8575
2021-03-27,55373.27250000001
2021-03-28,55711.59
2021-03-29,56654.7375
2021-03-30,58205.345
2021-03-31,58514.03
2021-04-01,58721.337499999994
2021-04-02,59074.7575
2021-04-03,58168.4175
2021-04-04,57533.7025
2021-04-05,58345.4425
2021-04-06,58507.35
2021-04-07,57017.869999999995
2021-04-08,56971.0675
2021-04-09,58192.24
2021-04-10,59327.9225
2021-04-11,59925.77
2021-04-12,60127.3475
2021-04-13,61754.4825
2021-04-14,63172.385
2021-04-15,62984.8775
2021-04-16,62003.537500000006
2021-04-17,60857.107500000006
2021-04-18,56896.745
2021-04-19,55882.88500000001
2021-04-20,55616.085
2021-04-21,55126.64
2021-04-22,52875.015
2021-04-23,50611.985
2021-04-24,50245.439999999995
2021-04-25,49153.13
2021-04-26,51544.552500000005
2021-04-27,54423.8375
2021-04-28,55024.8375
2021-04-29,53982.0025
2021-04-30,55556.32
2021-05-01,57727.957500000004
2021-05-02,57080.4575
2021-05-03,57291.009999999995
2021-05-04,55154.02250000001
2021-05-05,55402.744999999995
2021-05-06,56847.447499999995
2021-05-07,56900.015
2021-05-08,58144.384999999995
2021-05-09,58160.7575
2021-05-10,56739.24250000001
2021-05-11,55929.6475
2021-05-12,53225.3375
2021-05-13,49143.8275
2021-05-14,49949.03
2021-05-15,48465.5375
2021-05-16,46703.942500000005
2021-05-17,44662.967500000006
2021-05-18,43609.2775
2021-05-19,38281.1925
2021-05-20,38624.884999999995
2021-05-21,38366.35
2021-05-22,37185.675
2021-05-23,35373.85249999999
2021-05-24,36857.1825
2021-05-25,38336.775
2021-05-26,39052.0175
2021-05-27,38829.3275
2021-05-28,36938.8275
2021-05-29,35309.57
2021-05-30,35028.354999999996
2021-05-31,36136.9775
2021-06-01,36876.93
2021-06-02,37102.1325
2021-06-03,38365.3675
2021-06-04,37730.0
2021-06-05,36266.837499999994
2021-06-06,35753.595
2021-06-07,34887.275
2021-06-08,33001.445
2021-06-09,35175.115000000005
2021-06-10,37084.192500000005
2021-06-11,36906.745
2021-06-12,36235.520000000004
2021-06-13,37175.9225
2021-06-14,39832.725
2021-06-15,40374.18
2021-06-16,39283.990000000005
2021-06-17,38341.7125
2021-06-18,36811.235
2021-06-19,35641.18
2021-06-20,35139.4
2021-06-21,33552.5825
2021-06-22,31556.864999999998
2021-06-23,33187.9075
2021-06-24,33980.6825
2021-06-25,33255.6325
2021-06-26,31685.184999999998
2021-06-27,33426.61
2021-06-28,34589.4525
2021-06-29,35308.012500000004
2021-06-30,35268.567500000005
2021-07-01,34079.565
2021-07-02,33491.229999999996
2021-07-03,34179.5025
2021-07-04,35070.1575
2021-07-05,34349.4
2021-07-06,34140.26
2021-07-07,34229.74999999999
2021-07-08,33186.115
2021-07-09,33263.1475
2021-07-10,33646.365
2021-07-11,33933.5825
2021-07-12,33670.6
2021-07-13,32839.74
2021-07-14,32553.292499999996
2021-07-15,32254.57
2021-07-16,31631.885
2021-07-17,31506.04
2021-07-18,31710.65
2021-07-19,31231.165
2021-07-20,30242.7675
2021-07-21,31068.864999999998
2021-07-22,32182.9225
2021-07-23,32873.9975
2021-07-24,33948.345
2021-07-25,34722.9125
2021-07-26,37093.6
2021-07-27,38156.2025
2021-07-28,39787.042499999996
2021-07-29,39969.012500000004
2021-07-30,40713.7
2021-07-31,41779.08500000001
2021-08-01,40832.0725
2021-08-02,39542.025
2021-08-03,38693.985
2021-08-04,38852.11
2021-08-05,39817.0825
2021-08-06,41736.405
2021-08-07,43638.955
2021-08-08,44234.4775
2021-08-09,44820.2275
2021-08-10,45780.829999999994
2021-08-11,45795.1525
2021-08-12,44974.4475
2021-08-13,46075.8625
2021-08-14,47245.8825
2021-08-15,46728.6475
2021-08-16,46647.235
2021-08-17,45533.3125
2021-08-18,44901.13
2021-08-19,45605.1725
2021-08-20,48022.2675
2021-08-21,49030.845
2021-08-22,48902.775
2021-08-23,49564.2675
2021-08-24,48655.715000000004
2021-08-25,48259.4775
2021-08-26,47855.0075
2021-08-27,47852.9225
2021-08-28,48902.7825
2021-08-29,48764.4975
2021-08-30,47873.090000000004
2021-08-31,47257.47750000001
2021-09-01,47894.8525
2021-09-02,49272.83500000001
2021-09-03,49640.6525
2021-09-04,49954.832500000004
2021-09-05,50756.105
2021-09-06,52042.527500000004
2021-09-07,48823.245
2021-09-08,46167.472499999996
2021-09-09,46339.125
2021-09-10,45602.835
2021-09-11,45181.51
2021-09-12,45600.244999999995
2021-09-13,45303.990000000005
2021-09-14,45974.17
2021-09-15,47601.7525
2021-09-16,47859.33
2021-09-17,47471.8375
2021-09-18,47867.869999999995
2021-09-19,47684.1275
2021-09-20,45026.155
2021-09-21,41747.505
2021-09-22,42210.91
2021-09-23,44114.68
2021-09-24,43387.707500000004
2021-09-25,42523.585
2021-09-26,42632.8825
2021-09-27,42939.0625
2021-09-28,41712.3175
2021-09-29,41473.2925
2021-09-30,42724.9825
2021-10-01,45934.912500000006
2021-10-02,47885.8175
2021-10-03,48037.745
2021-10-04,48463.0175
2021-10-05,50401.405
2021-10-06,53229.85
2021-10-07,54447.3825
2021-10-08,54363.565
2021-10-09,54514.015
2021-10-10,55062.5075
2021-10-11,56096.115
2021-10-12,56256.82
2021-10-13,56327.025
2021-10-14,57517.34
2021-10-15,59700.84
2021-10-16,61269.1025
2021-10-17,60771.322499999995
2021-10-18,61519.597499999996
2021-10-19,63023.6025
2021-10-20,65190.85
2021-10-21,64208.5725
2021-10-22,61653.44
2021-10-23,60821.1925
2021-10-24,60787.4
2021-10-25,62072.9075
2021-10-26,61629.655
2021-10-27,59559.5625
2021-10-28,59827.082500000004
2021-10-29,61496.104999999996
2021-10-30,61786.285
2021-10-31,61377.412500000006
2021-11-01,61013.41499999999
2021-11-02,62256.447499999995
2021-11-03,62499.95250000001
2021-11-04,62013.705
2021-11-05,61412.2125
2021-11-06,61005.31999999999
2021-11-07,62338.335
2021-11-08,65465.4975
2021-11-09,67305.0325
2021-11-10,65913.25
2021-11-11,64839.1875
2021-11-12,64156.295000000006
2021-11-13,64215.61
2021-11-14,64756.472499999996
2021-11-15,64731.917499999996
2021-11-16,61464.245
2021-11-17,59904.2425
2021-11-18,58671.685
2021-11-19,57215.965
2021-11-20,58740.652500000004
2021-11-21,59211.487499999996
2021-11-22,57479.72
2021-11-23,56778.0225
2021-11-24,57062.887500000004
2021-11-25,58124.3875
2021-11-26,56334.225
2021-11-27,54333.6875
2021-11-28,55673.26
2021-11-29,57645.945
2021-11-30,57444.837499999994
2021-12-01,57411.5475
2021-12-02,56704.4125
2021-12-03,54841.3275
2021-12-04,49653.23
2021-12-05,48993.7625
2021-12-06,49457.337499999994
2021-12-07,50751.7325
2021-12-08,50215.035
2021-12-09,49033.635
2021-12-10,47913.36
2021-12-11,48191.81
2021-12-12,49714.722499999996
2021-12-13,48154.8425
2021-12-14,47509.1125
2021-12-15,48312.232500000006
2021-12-16,48361.1975
2021-12-17,46803.884999999995
2021-12-18,46465.170000000006
2021-12-19,47055.655000000006
2021-12-20,46672.955
2021-12-21,47940.7525
2021-12-22,48868.4375
2021-12-23,49680.6
2021-12-24,50963.3125
2021-12-25,50629.55
2021-12-26,50466.78999999999
2021-12-27,51003.48
2021-12-28,49065.56
2021-12-29,47061.1175
2021-12-30,46846.3825
2021-12-31,46891.0175
2022-01-01,47025.645
2022-01-02,47413.21
2022-01-03,46749.57
2022-01-04,46333.912500000006
2022-01-05,44713.285
2022-01-06,43195.0075
2022-01-07,42101.152500000004
2022-01-08,41511.805
2022-01-09,41882.77
2022-01-10,41396.4025
2022-01-11,42230.1775
2022-01-12,43350.9875
2022-01-13,43318.494999999995
2022-01-14,42698.26
2022-01-15,43124.8125
2022-01-16,43053.185000000005
2022-01-17,42497.47
2022-01-18,42123.6875
2022-01-19,41927.455
2022-01-20,41599.805
2022-01-21,38416.67
2022-01-22,35589.9875
2022-01-23,35603.994999999995
2022-01-24,35843.0175
2022-01-25,36716.2025
2022-01-26,37230.5675
2022-01-27,36677.205
2022-01-28,37257.92
2022-01-29,37968.1475
2022-01-30,37939.87
2022-01-31,37931.315
2022-02-01,38606.6725
2022-02-02,37758.455
2022-02-03,36961.244999999995
2022-02-04,39421.3225
2022-02-05,41427.7475
2022-02-06,41884.0075
2022-02-07,43091.8025
2022-02-08,44010.244999999995
2022-02-09,44083.159999999996
2022-02-10,44215.79
2022-02-11,42931.920000000006
2022-02-12,42339.9925
2022-02-13,42225.3825
2022-02-14,42245.6375
2022-02-15,43564.807499999995
2022-02-16,44068.845
2022-02-17,42156.795
2022-02-18,40225.0075
2022-02-19,40034.24249999999
2022-02-20,39147.875
2022-02-21,37922.35
2022-02-22,37504.3725
2022-02-23,37941.76500000001
2022-02-24,37435.627499999995
2022-02-25,38811.4375
2022-02-26,39314.3775
2022-02-27,38417.875
2022-02-28,40633.7725
2022-03-01,43835.045
2022-03-02,44262.0675
2022-03-03,43070.0975
2022-03-04,40669.990000000005
2022-03-05,39141.86
2022-03-06,38900.305
2022-03-07,38277.8425
2022-03-08,38487.0925
2022-03-09,40480.7125
2022-03-10,40485.765
2022-03-11,39152.86
2022-03-12,38921.03999999999
2022-03-13,38368.3
2022-03-14,38737.71
2022-03-15,39234.41
2022-03-16,40235.2025
2022-03-17,41002.6825
2022-03-18,41283.865000000005
2022-03-19,41964.482500000006
2022-03-20,41667.625
2022-03-21,41069.130000000005
2022-03-22,41900.725000000006
2022-03-23,42506.08
2022-03-24,43413.892499999994
2022-03-25,44244.44
2022-03-26,44422.347499999996
2022-03-27,45689.8725
2022-03-28,47200.8425
2022-03-29,47401.082500000004
2022-03-30,47162.104999999996
2022-03-31,46344.5825
2022-04-01,45678.4825
2022-04-02,46231.8725
2022-04-03,46298.342500000006
2022-04-04,46249.145000000004
2022-04-05,46157.965
2022-04-06,44324.0375
2022-04-07,43310.75
2022-04-08,42943.4925
2022-04-09,42482.8675
2022-04-10,42547.777500000004
2022-04-11,40826.0025
2022-04-12,39889.755
2022-04-13,40593.1475
2022-04-14,40535.525
2022-04-15,40282.7575
2022-04-16,40407.8775
2022-04-17,40049.665
2022-04-18,40033.12
2022-04-19,41156.3275
2022-04-20,41467.595
2022-04-21,41141.3
2022-04-22,40040.3125
2022-04-23,39603.9475
2022-04-24,39440.340000000004
2022-04-25,39673.05
2022-04-26,39259.575
2022-04-27,38676.0975
2022-04-28,39557.9625
2022-04-29,39109.604999999996
2022-04-30,38150.1225
2022-05-01,38040.1325
2022-05-02,38553.2125
2022-05-03,38105.855
2022-05-04,38778.18
2022-05-05,37915.095
2022-05-06,36125.0925
2022-05-07,35604.365000000005
2022-05-08,34684.7425
2022-05-09,32097.795000000002
2022-05-10,30870.18
2022-05-11,30017.16
2022-05-12,28769.1725
2022-05-13,29537.9575
2022-05-14,29586.765000000003
2022-05-15,30588.9075
2022-05-16,30404.71
2022-05-17,30139.4225
2022-05-18,29631.177499999998
2022-05-19,29567.78
2022-05-20,29756.89
2022-05-21,29312.3825
2022-05-22,29870.5275
2022-05-23,29734.985
2022-05-24,29319.645
2022-05-25,29678.67
2022-05-26,29162.4225
2022-05-27,28877.9275
2022-05-28,28844.285
2022-05-29,29231.605000000003
2022-05-30,30680.985
2022-05-31,31783.57
2022-06-01,30722.7125
2022-06-02,30135.5025
2022-06-03,30033.550000000003
2022-06-04,29759.5325
2022-06-05,29875.915
2022-06-06,30737.042499999996
2022-06-07,30826.7475
2022-06-08,30625.2975
2022-06-09,30239.699999999997
2022-06-10,29608.6525
2022-06-11,28764.2425
2022-06-12,27526.05
2022-06-13,24470.8875
2022-06-14,22207.64
2022-06-15,21907.94
2022-06-16,21553.19
2022-06-17,20620.375
2022-06-18,19463.415
2022-06-19,19580.287500000002
2022-06-20,20468.73
2022-06-21,20842.205
2022-06-22,20345.5025
2022-06-23,20555.3
2022-06-24,21160.735
2022-06-25,21312.4975
2022-06-26,21345.495000000003
2022-06-27,20957.6225
2022-06-28,20609.4925
2022-06-29,20172.879999999997
2022-06-30,19717.572500000002
2022-07-01,19778.84
2022-07-02,19244.2525
2022-07-03,19249.32
2022-07-04,19740.464999999997
2022-07-05,20116.735
2022-07-06,20294.204999999998
2022-07-07,21069.8175
2022-07-08,21734.0925
2022-07-09,21622.175
2022-07-10,21179.3175
2022-07-11,20392.1075
2022-07-12,19647.945
2022-07-13,19710.925
2022-07-14,20334.945
2022-07-15,20750.2925
2022-07-16,21023.2975
2022-07-17,21107.0775
2022-07-18,21693.06
2022-07-19,22802.184999999998
2022-07-20,23451.1775
2022-07-21,23039.93
2022-07-22,23023.3775
2022-07-23,22517.810000000005
2022-07-24,22575.012499999997
2022-07-25,21951.0075
2022-07-26,21154.9725
2022-07-27,22090.57
2022-07-28,23394.7725
2022-07-29,23868.9225
2022-07-30,23897.76
2022-07-31,23590.0225
2022-08-01,23231.0125
2022-08-02,23092.237500000003
2022-08-03,23033.3
2022-08-04,22765.802499999998
2022-08-05,22998.66
2022-08-06,23132.9125
2022-08-07,23093.805
2022-08-08,23595.91
2022-08-09,23439.795
2022-08-10,23499.015
2022-08-11,24164.7775
2022-08-12,24094.067499999997
2022-08-13,24505.575
2022-08-14,24484.965
2022-08-15,24346.152500000004
2022-08-16,23966.6225
2022-08-17,23706.480000000003
2022-08-18,23311.225000000002
2022-08-19,22004.52
2022-08-20,21029.802499999998
2022-08-21,21381.197500000002
2022-08-22,21338.855000000003
2022-08-23,21376.219999999998
2022-08-24,21485.5475
2022-08-25,21514.28
2022-08-26,20948.69
2022-08-27,20119.9175
2022-08-28,19821.0975
2022-08-29,19956.4375
2022-08-30,20053.7775
2022-08-31,20037.7475
2022-09-01,19988.4825
2022-09-02,20070.262499999997
2022-09-03,19872.8825
2022-09-04,19861.27
2022-09-05,19872.06
2022-09-06,19353.864999999998
2022-09-07,19014.57
2022-09-08,19270.7175
2022-09-09,20392.405
2022-09-10,21482.9725
2022-09-11,21671.02
2022-09-12,22062.28
2022-09-13,21307.002500000002
2022-09-14,20139.8575
2022-09-15,19939.072500000002
2022-09-16,19678.7975
2022-09-17,19963.5
2022-09-18,19745.417499999996
2022-09-19,19218.307500000003
2022-09-20,19189.6275
2022-09-21,18854.4125
2022-09-22,18942.3875
2022-09-23,19180.74
2022-09-24,19082.6375
2022-09-25,18884.695
2022-09-26,19009.1575
2022-09-27,19376.9975
2022-09-28,19188.05
2022-09-29,19373.214999999997
2022-09-30,19588.377500000002
2022-10-01,19344.245
2022-10-02,19171.325
2022-10-03,19341.4
2022-10-04,19983.125
2022-10-05,20147.92
2022-10-06,20107.1325
2022-10-07,19719.895
2022-10-08,19453.1425
2022-10-09,19432.395
2022-10-10,19279.27
2022-10-11,19079.989999999998
2022-10-12,19104.93
2022-10-13,19058.505
2022-10-14,19393.6875
2022-10-15,19112.295
2022-10-16,19205.24
2022-10-17,19410.4575
2022-10-18,19418.395
2022-10-19,19219.385000000002
2022-10-20,19103.2725
2022-10-21,19026.5725
2022-10-22,19184.61
2022-10-23,19384.95
2022-10-24,19414.5675
2022-10-25,19765.885000000002
2022-10-26,20480.255
2022-10-27,20534.7325
2022-10-28,20409.26
2022-10-29,20760.129999999997
2022-10-30,20720.8425
2022-10-31,20550.5225
2022-11-01,20501.275
2022-11-02,20370.6725
2022-11-03,20196.055
2022-11-04,20709.6625
2022-11-05,21252.2975
2022-11-06,21114.0875
2022-11-07,20737.842500000002
2022-11-08,19251.4025
2022-11-09,17160.9875
2022-11-10,16869.2725
2022-11-11,17182.34
2022-11-12,16908.1375
2022-11-13,16581.572500000002
2022-11-14,16489.1125
2022-11-15,16795.175000000003
2022-11-16,16739.465
2022-11-17,16628.9775
2022-11-18,16737.5125
2022-11-19,16694.012499999997
2022-11-20,16478.56
2022-11-21,15963.9475
2022-11-22,15984.965
2022-11-23,16424.3175
2022-11-24,16618.185
2022-11-25,16532.625
2022-11-26,16516.7275
2022-11-27,16471.8475
2022-11-28,16280.997500000001
2022-11-29,16325.855
2022-11-30,16820.9625
2022-12-01,17080.477499999997
2022-12-02,16991.079999999998
2022-12-03,17006.2625
2022-12-04,17017.9975
2022-12-05,17091.0625
2022-12-06,17017.1725
2022-12-07,16936.66
2022-12-08,17023.307500000003
2022-12-09,17192.7175
2022-12-10,17143.9425
2022-12-11,17138.6325
2022-12-12,17102.155
2022-12-13,17515.9425
2022-12-14,17906.965000000004
2022-12-15,17572.67
2022-12-16,17012.0325
2022-12-17,16696.1725
2022-12-18,16760.52
2022-12-19,16562.542500000003
2022-12-20,16698.2275
2022-12-21,16842.205
2022-12-22,16768.62
2022-12-23,16821.6675
2022-12-24,16815.3125
2022-12-25,16811.7
2022-12-26,16871.755
2022-12-27,16797.7375
2022-12-28,16625.9725
2022-12-29,16583.5275
2022-12-30,16562.825
2022-12-31,16565.9925
2023-01-01,16571.3825
2023-01-02,16659.492499999997
2023-01-03,16682.91
2023-01-04,16792.635000000002
2023-01-05,16828.7575
2023-01-06,16875.625
2023-01-07,16945.947500000002
2023-01-08,17039.912500000002
2023-01-09,17202.3875
2023-01-10,17316.260000000002
2023-01-11,17674.875
2023-01-12,18449.7425
2023-01-13,19372.687499999996
2023-01-14,20507.745
2023-01-15,20856.5025
2023-01-16,21036.042500000003
2023-01-17,21202.305
2023-01-18,20966.7275
2023-01-19,20900.0625
2023-01-20,21839.002500000002
2023-01-21,22810.8375
2023-01-22,22715.5775
2023-01-23,22825.6175
2023-01-24,22793.9575
2023-01-25,22952.4025
2023-01-26,23050.637499999997
2023-01-27,23029.6725
2023-01-28,23041.055
2023-01-29,23423.0
2023-01-30,23217.5075
2023-01-31,22996.820000000003
2023-02-01,23357.670000000002
2023-02-02,23709.655000000002
2023-02-03,23460.387499999997
2023-02-04,23400.12
2023-02-05,23109.225000000002
2023-02-06,22870.452500000003
2023-02-07,23024.752500000002
2023-02-08,23080.817499999997
2023-02-09,22364.3975
2023-02-10,21703.045000000002
2023-02-11,21748.46
2023-02-12,21841.39
2023-02-13,21700.6
2023-02-14,21956.58
2023-02-15,23237.7925
2023-02-16,24148.96
2023-02-17,24112.0425
2023-02-18,24626.7975
2023-02-19,24572.094999999998
2023-02-20,24519.1925
2023-02-21,24673.5975
2023-02-22,24170.905
2023-02-23,24082.5
2023-02-24,23524.7575
2023-02-25,23070.559999999998
2023-02-26,23365.2725
2023-02-27,23512.925
2023-02-28,23313.6575
2023-03-01,23447.6425
2023-03-02,23521.9775
2023-03-03,22816.935
2023-03-04,22316.997499999998
2023-03-05,22407.030000000002
2023-03-06,22425.1075
2023-03-07,22273.07
2023-03-08,21942.75
2023-03-09,20986.075
2023-03-10,20107.4425
2023-03-11,20264.489999999998
2023-03-12,21218.36
2023-03-13,23106.3525
2023-03-14,24786.4925
2023-03-15,24512.4975
2023-03-16,24643.71
2023-03-17,26260.1875
2023-03-18,27151.3675
2023-03-19,27524.42
2023-03-20,27821.587499999998
2023-03-21,27891.0325
2023-03-22,27707.1575
2023-03-23,27850.345
2023-03-24,27781.0475
2023-03-25,27465.2075
2023-03-26,27760.7925
2023-03-27,27406.24
2023-03-28,27134.4375
2023-03-29,27874.940000000002
2023-03-30,28311.9525
2023-03-31,28165.5725
2023-04-01,28489.517499999998
2023-04-02,28252.760000000002
2023-04-03,27918.275
2023-04-04,28018.175000000003
2023-04-05,28228.895
2023-04-06,28024.22
2023-04-07,27951.775
2023-04-08,27964.682500000003
2023-04-09,28148.035
2023-04-10,28975.274999999998
2023-04-11,29994.4425
2023-04-12,30052.975
2023-04-13,30177.875
2023-04-14,30451.692499999997
2023-04-15,30389.905
2023-04-16,30317.434999999998
2023-04-17,29822.91
2023-04-18,29848.015
2023-04-19,29527.659999999996
2023-04-20,28534.762499999997
2023-04-21,27751.3775
2023-04-22,27525.690000000002
2023-04-23,27633.887499999997
2023-04-24,27511.085
2023-04-25,27850.927499999998
2023-04-26,28496.7725
2023-04-27,29039.23
2023-04-28,29318.7525
2023-04-29,29255.505
2023-04-30,29378.159999999996
2023-05-01,28576.4375
2023-05-02,28372.5
2023-05-03,28769.09
2023-05-04,28976.947500000002
2023-05-05,29205.1925
2023-05-06,29118.45
2023-05-07,28702.9525
2023-05-08,27997.972500000003
2023-05-09,27617.0175
2023-05-10,27583.8625
2023-05-11,27224.8875
2023-05-12,26666.55
2023-05-13,26826.942499999997
2023-05-14,26863.355
2023-05-15,27117.335
2023-05-16,27086.247499999998
2023-05-17,27121.0425
2023-05-18,27018.3575
2023-05-19,26878.785
2023-05-20,26989.449999999997
2023-05-21,26948.445
2023-05-22,26808.787500000002
2023-05-23,27090.7075
2023-05-24,26712.1825
2023-05-25,26326.665
2023-05-26,26609.78
2023-05-27,26751.55
2023-05-28,27486.239999999998
2023-05-29,27943.2875
2023-05-30,27755.845
2023-05-31,27394.814999999995
2023-06-01,26995.835
2023-06-02,26966.379999999997
2023-06-03,27140.0075
2023-06-04,27147.612500000003
2023-06-05,26340.1825
2023-06-06,26416.1575
2023-06-07,26771.547499999997
2023-06-08,26464.4875
2023-06-09,26507.4175
2023-06-10,26052.72
2023-06-11,25902.0875
2023-06-12,25884.83
2023-06-13,25996.307500000003
2023-06-14,25495.35
2023-06-15,25321.525
2023-06-16,25909.2625
2023-06-17,26470.7475
2023-06-18,26453.2025
2023-06-19,26627.2575
2023-06-20,27551.77
2023-06-21,29339.97
2023-06-22,29976.105
2023-06-23,30451.34
2023-06-24,30566.485
2023-06-25,30578.4
2023-06-26,30331.665
2023-06-27,30545.3925
2023-06-28,30334.5975
2023-06-29,30354.6675
2023-06-30,30425.3275
2023-07-01,30510.015
2023-07-02,30537.2325
2023-07-03,30930.8725
2023-07-04,30973.35
2023-07-05,30587.35
2023-07-06,30437.67
2023-07-07,30097.535
2023-07-08,30265.152500000004
2023-07-09,30237.995000000003
2023-07-10,30392.015
2023-07-11,30536.824999999997
2023-07-12,30548.8375
2023-07-13,30972.3575
2023-07-14,30824.059999999998
2023-07-15,30298.105
2023-07-16,30256.815
2023-07-17,30091.54
2023-07-18,29937.23
2023-07-19,29929.85
2023-07-20,29924.4075
2023-07-21,29872.44
2023-07-22,29829.955
2023-07-23,29989.435
2023-07-24,29555.432500000003
2023-07-25,29207.265
2023-07-26,29341.9525
2023-07-27,29306.5175
2023-07-28,29300.565
2023-07-29,29332.534999999996
2023-07-30,29279.0575
2023-07-31,29286.285
2023-08-01,29315.8
2023-08-02,29466.75
2023-08-03,29195.2425
2023-08-04,29112.065000000002
2023-08-05,29079.25
2023-08-06,29089.38
2023-08-07,29069.324999999997
2023-08-08,29592.9825
2023-08-09,29722.2675
2023-08-10,29523.985
2023-08-11,29424.69
2023-08-12,29429.774999999998
2023-08-13,29370.247499999998
2023-08-14,29383.137499999997
2023-08-15,29297.445
2023-08-16,28978.3625
2023-08-17,27325.85
2023-08-18,26282.2525
2023-08-19,26059.024999999998
2023-08-20,26140.0125
2023-08-21,26096.835
2023-08-22,25905.585
2023-08-23,26280.2
2023-08-24,26263.6575
2023-08-25,26082.815
2023-08-26,26047.265
2023-08-27,26066.8725
2023-08-28,26085.0675
2023-08-29,26975.2975
2023-08-30,27450.535000000003
2023-08-31,26620.8225
2023-09-01,25808.8925
2023-09-02,25853.63
2023-09-03,25943.932500000003
2023-09-04,25884.115
2023-09-05,25774.059999999998
2023-09-06,25741.142499999998
2023-09-07,26018.3675
2023-09-08,26064.565
2023-09-09,25888.46
2023-09-10,25836.859999999997
2023-09-11,25451.4525
2023-09-12,25675.277499999997
2023-09-13,26057.872499999998
2023-09-14,26432.9975
2023-09-15,26558.6825
2023-09-16,26595.415
2023-09-17,26527.3575
2023-09-18,26769.09
2023-09-19,27031.03
2023-09-20,27130.97
2023-09-21,26807.5975
2023-09-22,26590.092500000002
2023-09-23,26574.4775
2023-09-24,26421.2425
2023-09-25,26247.4525
2023-09-26,26253.067499999997
2023-09-27,26389.182500000003
2023-09-28,26761.3175
2023-09-29,26959.6
2023-09-30,26962.704999999998
2023-10-01,27493.684999999998
2023-10-02,27837.1325
2023-10-03,27439.497499999998
2023-10-04,27561.684999999998
2023-10-05,27665.337499999998
2023-10-06,27703.105
2023-10-07,27939.88
2023-10-08,27914.09
2023-10-09,27688.7775
2023-10-10,27503.309999999998
2023-10-11,27070.4225
2023-10-12,26784.2975
2023-10-13,26859.1575
2023-10-14,26873.265
2023-10-15,27027.052499999998
2023-10-16,28191.895
2023-10-17,28394.9125
2023-10-18,28460.285
2023-10-19,28512.815000000002
2023-10-20,29292.1475
2023-10-21,29855.9025
2023-10-22,29947.565000000002
2023-10-23,31921.989999999998
2023-10-24,33776.265
2023-10-25,34307.67
2023-10-26,34305.71
2023-10-27,33919.9075
2023-10-28,34081.585
2023-10-29,34321.7525
2023-10-30,34479.8625
2023-10-31,34465.0
2023-11-01,34935.15
2023-11-02,35162.0025
2023-11-03,34681.215
2023-11-04,34904.7575
2023-11-05,34975.485
2023-11-06,35015.0525
2023-11-07,35214.0675
2023-11-08,35557.4625
2023-11-09,36458.024999999994
2023-11-10,36963.36
2023-11-11,37126.705
2023-11-12,37036.86
2023-11-13,36819.5125
2023-11-14,35889.53
2023-11-15,36687.35
2023-11-16,36862.8125
2023-11-17,36359.63250000001
2023-11-18,36551.52
2023-11-19,36952.9975
2023-11-20,37308.9075
2023-11-21,36643.72
2023-11-22,36660.775
2023-11-23,37306.5175
2023-11-24,37668.3375
2023-11-25,37743.33500000001
2023-11-26,37548.182499999995
2023-11-27,37241.587499999994
2023-11-28,37576.745
2023-11-29,37923.380000000005
2023-11-30,37806.115
2023-12-01,38255.3375
2023-12-02,39122.9025
2023-12-03,39736.8675
2023-12-04,41088.905000000006
2023-12-05,42991.605
2023-12-06,43867.25
2023-12-07,43476.065
2023-12-08,43806.31
2023-12-09,43956.7825
2023-12-10,43778.775
2023-12-11,42267.35
2023-12-12,41382.479999999996
2023-12-13,42097.9025
2023-12-14,42677.8225
2023-12-15,42427.3425
2023-12-16,42136.9375
2023-12-17,41832.185
2023-12-18,41833.295
2023-12-19,42560.472499999996
2023-12-20,43108.479999999996
2023-12-21,43764.947499999995
2023-12-22,43910.4075
2023-12-23,43737.745
2023-12-24,43284.9125
2023-12-25,43272.595
2023-12-26,42828.8325
2023-12-27,42928.3675
2023-12-28,43005.495
2023-12-29,42260.427500000005
2023-12-30,42084.96000000001
2023-12-31,42322.177500000005
2024-01-01,43207.0
2024-01-02,44788.6075
2024-01-03,43510.535
2024-01-04,43584.92
2024-01-05,43775.917499999996
2024-01-06,43931.22750000001
2024-01-07,43987.505
2024-01-08,45326.01
2024-01-09,46445.427500000005
2024-01-10,46190.06999999999
2024-01-11,46892.175
2024-01-12,44284.355
2024-01-13,42830.962499999994
2024-01-14,42344.835
2024-01-15,42340.4825
2024-01-16,42819.265
2024-01-17,42828.1825
2024-01-18,41929.2175
2024-01-19,41365.85
2024-01-20,41670.9825
2024-01-21,41664.6875
2024-01-22,40567.3925
2024-01-23,39549.34
2024-01-24,40005.415
2024-01-25,39974.055
2024-01-26,40963.485
2024-01-27,41884.62
2024-01-28,42153.795
2024-01-29,42617.9075
2024-01-30,43202.54
2024-01-31,42885.7625
2024-02-01,42708.0875
2024-02-02,43079.435
2024-02-03,43117.7725
2024-02-04,42733.755
2024-02-05,42779.86
2024-02-06,42945.4075
2024-02-07,43658.265
2024-02-08,44895.9125
2024-02-09,46465.8875
2024-02-10,47463.4675
2024-02-11,48050.2225
2024-02-12,49065.525
2024-02-13,49571.6075
2024-02-14,50690.8725
2024-02-15,51951.4475
2024-02-16,52035.55
2024-02-17,51638.64
2024-02-18,51830.14749999999
2024-02-19,52019.545000000006
2024-02-20,51944.7325
2024-02-21,51775.0025
2024-02-22,51536.09
2024-02-23,51025.5275
2024-02-24,51148.8425
2024-02-25,51633.8525
2024-02-26,53004.19
2024-02-27,55888.025
2024-02-28,60040.325000000004
2024-02-29,61901.034999999996
2024-03-01,61852.53
2024-03-02,62092.3725
2024-03-03,62413.2825
2024-03-04,65539.67
2024-03-05,64993.68000000001
2024-03-06,65054.572499999995
2024-03-07,66607.05249999999
2024-03-08,67755.0075
2024-03-09,68209.9175
2024-03-10,68812.88
2024-03-11,70214.73500000002
2024-03-12,71287.7325
2024-03-13,72376.9925
2024-03-14,71698.33499999999
2024-03-15,69727.125
2024-03-16,67405.8675
2024-03-17,66782.87999999999
2024-03-18,67881.165
2024-03-19,64806.627499999995
2024-03-20,64663.229999999996
2024-03-21,66527.815
2024-03-22,64551.884999999995
2024-03-23,64196.412500000006
2024-03-24,65650.2475
2024-03-25,68656.2675
2024-03-26,70177.275
2024-03-27,69896.675
2024-03-28,70176.5675
2024-03-29,70139.075
2024-03-30,69823.4525
2024-03-31,70447.7925
2024-04-01,70070.22249999999
2024-04-02,67334.50749999999
2024-04-03,65705.9925
2024-04-04,67206.3725
2024-04-05,67754.4125
2024-04-06,68464.115
2024-04-07,69351.67
2024-04-08,70705.4025
2024-04-09,70183.5475
2024-04-10,69616.79000000001
2024-04-11,70377.6025
2024-04-12,68359.265
2024-04-13,64907.65000000001
2024-04-14,64390.09
2024-04-15,64555.8275
2024-04-16,63294.595
2024-04-17,62311.9825
2024-04-18,62416.975000000006
2024-04-19,63084.527500000004
2024-04-20,64316.9175
2024-04-21,64953.6975
2024-04-22,65873.205
2024-04-23,66545.535
2024-04-24,65345.02
2024-04-25,64219.965000000004
2024-04-26,64096.457500000004
2024-04-27,63386.6575
2024-04-28,63432.9
2024-04-29,63244.625
2024-04-30,62115.9
2024-05-01,59107.8575
2024-05-02,58490.604999999996
2024-05-03,61021.732500000006
2024-05-04,63463.770000000004
2024-05-05,63843.05
2024-05-06,63844.2975
2024-05-07,63040.167499999996
2024-05-08,61853.33
2024-05-09,62081.5175
2024-05-10,61882.56
2024-05-11,60907.017499999994
2024-05-12,61201.994999999995
2024-05-13,62155.822499999995
2024-05-14,62194.6775
2024-05-15,63886.905
2024-05-16,65699.125
2024-05-17,66204.19750000001
2024-05-18,66984.8025
2024-05-19,66686.615
2024-05-20,68824.1225
2024-05-21,70684.225
2024-05-22,69705.7875
2024-05-23,68386.1375
2024-05-24,68092.4425
2024-05-25,68987.64
2024-05-26,68872.1175
2024-05-27,69220.415
2024-05-28,68676.135
2024-05-29,68027.78749999999
2024-05-30,68158.145
2024-05-31,67901.57
2024-06-01,67658.82500000001
2024-06-02,67812.485
2024-06-03,68619.0
2024-06-04,69744.625
2024-06-05,70946.8725
2024-06-06,70931.175
2024-06-07,70142.92000000001
2024-06-08,69354.07
2024-06-09,69486.49500000001
2024-06-10,69639.095
2024-06-11,68123.8125
2024-06-12,68120.555
2024-06-13,67434.5175
2024-06-14,66316.31
2024-06-15,66151.955
2024-06-16,66484.58
2024-06-17,66402.5
2024-06-18,65581.97
2024-06-19,65135.807499999995
2024-06-20,65221.612499999996
2024-06-21,64364.89
2024-06-22,64224.05
2024-06-23,63792.83500000001
2024-06-24,61318.7775
2024-06-25,61194.0925
2024-06-26,61467.7025
2024-06-27,61391.825000000004
2024-06-28,61105.6525
2024-06-29,60755.572499999995
2024-06-30,61882.415
2024-07-01,63007.74
2024-07-02,62532.645
2024-07-03,61007.494999999995
2024-07-04,58631.942500000005
2024-07-05,56177.685
2024-07-06,57337.98
2024-07-07,57065.4425
2024-07-08,56267.33
2024-07-09,57337.515
2024-07-10,58100.91
2024-07-11,57941.435
2024-07-12,57574.535
2024-07-13,58674.935
2024-07-14,60154.155000000006
2024-07-15,62763.58750000001
2024-07-16,64382.564999999995
2024-07-17,64778.655
2024-07-18,64111.9225
2024-07-19,65333.64749999999
2024-07-20,66905.10750000001
2024-07-21,67362.2425
2024-07-22,67682.97
2024-07-23,66665.0175
2024-07-24,65881.2525
2024-07-25,65202.037500000006
2024-07-26,66907.6425
2024-07-27,67963.6225
2024-07-28,67882.86499999999
2024-07-29,67885.64
2024-07-30,66318.8375
2024-07-31,65548.81
2024-08-01,64485.9525
2024-08-02,63419.625
2024-08-03,61061.1375
2024-08-04,59274.847499999996
2024-08-05,54871.35
2024-08-06,55257.955
2024-08-07,55862.707500000004
2024-08-08,58573.722499999996
2024-08-09,60950.84
2024-08-10,60868.520000000004
2024-08-11,59945.207500000004
2024-08-12,59103.13249999999
2024-08-13,59976.1925
2024-08-14,59875.932499999995
2024-08-15,58038.0925
2024-08-16,58333.0075
2024-08-17,59212.9075
2024-08-18,59153.3125
2024-08-19,58817.695
2024-08-20,59600.13250000001
2024-08-21,60193.5575
2024-08-22,60664.185
2024-08-23,62427.5525
2024-08-24,64054.9375
2024-08-25,64287.572499999995
2024-08-26,63583.7475
2024-08-27,60873.7525
2024-08-28,59136.22
2024-08-29,59568.4975
2024-08-30,59032.04
2024-08-31,59076.09
2024-09-01,58138.3625
2024-09-02,58246.8975
2024-09-03,58461.12500000001
2024-09-04,57395.909999999996
2024-09-05,57030.405
2024-09-06,54925.2425
2024-09-07,54179.8425
2024-09-08,54494.455
2024-09-09,56147.9775
2024-09-10,57277.189999999995
2024-09-11,57125.2225
2024-09-12,57845.58
2024-09-13,59221.9825
2024-09-14,60125.3675
2024-09-15,59552.9675
2024-09-16,58512.4975
2024-09-17,59364.4975
2024-09-18,60758.755
2024-09-19,62528.2425
2024-09-20,63158.0925
2024-09-21,63216.9775
2024-09-22,63321.415
2024-09-23,63550.845
2024-09-24,63747.6725
2024-09-25,63794.94500000001
2024-09-26,64208.75
2024-09-27,65565.45999999999
2024-09-28,65827.54500000001
2024-09-29,65742.0325
2024-09-30,64351.174999999996
2024-10-01,62107.002499999995
2024-10-02,60961.127499999995
2024-10-03,60676.82
2024-10-04,61445.8675
2024-10-05,62050.955
2024-10-06,62412.9725
2024-10-07,62912.525
2024-10-08,62361.2025
2024-10-09,61410.3175
2024-10-10,60307.520000000004
2024-10-11,61592.899999999994
2024-10-12,62928.36
2024-10-13,62852.9925
2024-10-14,64477.955
2024-10-15,66477.0375
2024-10-16,67467.16
2024-10-17,67411.795
2024-10-18,68010.535
2024-10-19,68377.3125
2024-10-20,68727.495
2024-10-21,68192.4225
2024-10-22,67302.7325
2024-10-23,66706.8725
2024-10-24,67556.7325
2024-10-25,67316.095
2024-10-26,66921.38249999999
2024-10-27,67590.06
2024-10-28,68967.975
2024-10-29,71519.6875
2024-10-30,72369.5375
2024-10-31,71255.63
2024-11-01,70060.2775
2024-11-02,69446.3125
2024-11-03,68755.11499999999
2024-11-04,68240.25
2024-11-05,68819.14
2024-11-06,72660.5
2024-11-07,75673.9675
2024-11-08,76280.66500000001
2024-11-09,76450.475
2024-11-10,78759.86750000001
2024-11-11,84691.1375
2024-11-12,87903.0025
2024-11-13,89430.2075
2024-11-14,89039.7525
2024-11-15,89320.26
2024-11-16,90863.70749999999
2024-11-17,90153.98999999999
2024-11-18,90572.74
2024-11-19,91759.3425
2024-11-20,93232.3325
2024-11-21,96407.92
2024-11-22,98479.81
2024-11-23,98152.3125
2024-11-24,97467.80249999999
2024-11-25,95595.51250000001
2024-11-26,92684.91
2024-11-27,94207.155
2024-11-28,95677.77249999999
2024-11-29,96772.24250000001
2024-11-30,96855.9875
2024-12-01,96780.7625
2024-12-02,96387.6975
2024-12-03,95393.4975
2024-12-04,97006.21
2024-12-05,97530.2375
2024-12-06,98641.79499999998
2024-12-07,99714.0025
2024-12-08,100237.57
2024-12-09,98438.01250000001
2024-12-10,96599.00499999999
2024-12-11,98816.06
2024-12-12,100745.2325
2024-12-13,100632.2
2024-12-14,101525.9125
2024-12-15,103092.7825
2024-12-16,105412.18
2024-12-17,106466.72
2024-12-18,103215.6825
2024-12-19,99041.495
2024-12-20,96433.20999999999
2024-12-21,97759.1075
2024-12-22,96044.17500000002
2024-12-23,94781.66750000001
2024-12-24,96650.51500000001
2024-12-25,98823.5875
2024-12-26,97596.01250000001
2024-12-27,95283.805
2024-12-28,94867.17000000001
2024-12-29,94346.93000000001
2024-12-30,93271.2975
2024-12-31,93662.94499999999
2025-01-01,94051.735
2025-01-02,95952.0175
2025-01-03,97558.9725
2025-01-04,98171.97249999999
2025-01-05,98174.43999999999
2025-01-06,100249.80249999999
2025-01-07,99524.1
2025-01-08,95446.19
2025-01-09,93549.77249999999
2025-01-10,93830.155
2025-01-11,94552.19
2025-01-12,94576.585
2025-01-13,93569.465
2025-01-14,95703.54749999999
2025-01-15,98560.035
2025-01-16,99671.61
2025-01-17,102470.1925
2025-01-18,103975.0325
2025-01-19,102990.4575
2025-01-20,103182.395
2025-01-21,103940.9175
2025-01-22,104896.01500000001
2025-01-23,103932.32
2025-01-24,104662.7125
2025-01-25,104752.4925
2025-01-26,103846.825
2025-01-27,101435.15250000001
2025-01-28,101872.7575
2025-01-29,102794.8625
2025-01-30,104548.0425
2025-01-31,103681.125
2025-02-01,101532.10750000001
2025-02-02,98985.7125
2025-02-03,98190.03
2025-02-04,99243.4875
2025-02-05,97419.8925
2025-02-06,96990.85750000001
2025-02-07,97204.87000000001
2025-02-08,96379.885
2025-02-09,96235.89749999999
2025-02-10,96873.6425
2025-02-11,96641.08
2025-02-12,96464.105
2025-02-13,96944.85250000001
2025-02-14,97296.8575
2025-02-15,97566.4925
2025-02-16,96859.61
2025-02-17,96037.42749999999
2025-02-18,95398.4375
2025-02-19,96061.5225
2025-02-20,97518.95499999999
2025-02-21,97208.485
2025-02-22,96370.8725
2025-02-23,96171.7375
2025-02-24,93915.035
2025-02-25,89706.23999999999
2025-02-26,86150.16
2025-02-27,84688.405
2025-02-28,83109.2575
2025-03-01,85199.315
2025-03-02,90096.285
2025-03-03,90006.0425
2025-03-04,85992.665
2025-03-05,88805.63
2025-03-06,90296.1325
2025-03-07,88170.92000000001
2025-03-08,86284.9775
2025-03-09,83364.2075
2025-03-10,80228.4275
2025-03-11,80438.0625
2025-03-12,82940.1525
2025-03-13,82268.0325
2025-03-14,82806.88249999999
2025-03-15,84153.97750000001
2025-03-16,83502.7825
2025-03-17,83449.345
2025-03-18,82970.3625
2025-03-19,84777.0325
2025-03-20,85544.555
2025-03-21,84084.4375
2025-03-22,84023.4125
2025-03-23,84965.62
2025-03-24,86966.295
2025-03-25,87435.16500000001
2025-03-26,87109.2625
2025-03-27,86924.3925
2025-03-28,85689.265
2025-03-29,83335.61499999999
2025-03-30,82534.54
2025-03-31,82540.40250000001
2025-04-01,83930.13500000001
2025-04-02,84623.66
2025-04-03,82734.6575
2025-04-04,83370.48999999999
2025-04-05,83518.4525
2025-04-06,80734.8625
2025-04-07,78336.205
2025-04-08,78148.3875
2025-04-09,79286.41
2025-04-10,80860.02249999999
2025-04-11,81575.18
2025-04-12,84349.67000000001
2025-04-13,84542.785
2025-04-14,84457.3925
2025-04-15,84582.9975
2025-04-16,84071.5025
2025-04-17,84546.14000000001
2025-04-18,84714.6625
2025-04-19,84898.5375
2025-04-20,84881.63
2025-04-21,86576.555
2025-04-22,90480.81
2025-04-23,93441.3825
2025-04-24,93334.13750000001
2025-04-25,94308.2875
2025-04-26,94584.0925
2025-04-27,94337.22
2025-04-28,94297.62
2025-04-29,94618.0175
2025-04-30,94141.8175
2025-05-01,95554.09
2025-05-02,96905.68
2025-05-03,96358.0575
2025-05-04,95147.475
2025-05-05,94431.09749999999
2025-05-06,95466.3375
2025-05-07,96845.2825
2025-05-08,100328.5375
2025-05-09,103227.51
2025-05-10,103896.2125
2025-05-11,104311.14749999999
2025-05-12,103361.785
2025-05-13,103325.2475
2025-05-14,103642.635
2025-05-15,103211.8275
2025-05-16,103719.60750000001
2025-05-17,103228.22750000001
2025-05-18,104836.5
2025-05-19,105284.1575
2025-05-20,105982.10999999999
2025-05-21,108347.845
2025-05-22,110624.3925
2025-05-23,109403.62999999999
2025-05-24,107865.4125
2025-05-25,108166.68000000001
2025-05-26,109382.9475
2025-05-27,109151.87999999999
2025-05-28,108193.51999999999
2025-05-29,106896.575
2025-05-30,104877.3375
2025-05-31,104136.475
2025-06-01,104963.5525
2025-06-02,105274.1075
2025-06-03,105725.515
2025-06-04,105063.19
2025-06-05,103121.8775
2025-06-06,103056.4825
2025-06-07,104902.91750000001
2025-06-08,105684.6075
2025-06-09,107961.3925
2025-06-10,109817.11000000002
2025-06-11,109343.88
2025-06-12,107200.5325
2025-06-13,105145.54250000001
2025-06-14,105508.3075
2025-06-15,105407.935
2025-06-16,106580.32500000001
2025-06-17,105622.015
2025-06-18,104622.055
2025-06-19,104675.20499999999
2025-06-20,104206.5575
2025-06-21,102559.6325
2025-06-22,101170.8775
2025-06-23,102996.3325
2025-06-24,105582.24
2025-06-25,106841.7275
2025-06-26,107280.65
2025-06-27,107021.6875
2025-06-28,107183.4075
2025-06-29,107838.685
2025-06-30,107756.6875
2025-07-01,106404.625
2025-07-02,107340.23000000001
2025-07-03,109373.48749999999
2025-07-04,108645.4
2025-07-05,108089.81
2025-07-06,108725.4925
2025-07-07,108669.9975
2025-07-08,108458.0125
2025-07-09,110120.325
2025-07-10,113653.0
2025-07-11,116907.4675
2025-07-12,117511.9275
2025-07-13,118304.8575
2025-07-14,120262.75249999999
2025-07-15,118319.2525
2025-07-16,118367.40999999999
2025-07-17,119065.07
2025-07-18,118683.9675
2025-07-19,117885.51999999999
2025-07-20,117607.2375
2025-07-21,117709.29999999999
2025-07-22,118427.645
2025-07-23,119025.355
2025-07-24,118412.52249999999
2025-07-25,117282.50499999999
2025-07-26,117742.5075
2025-07-27,118731.9225
2025-07-28,118676.345
2025-07-29,118059.2975
2025-07-30,117594.81999999999
2025-07-31,117006.705
2025-08-01,114459.145
2025-08-02,112977.69
2025-08-03,113368.78
2025-08-04,114772.86000000002
2025-08-05,114714.14
2025-08-01,115700.00243915782
2025-08-02,113234.6051343189
2025-08-03,112554.90232221723
2025-08-04,114199.10966460757
2025-08-05,115138.68613070177
2025-08-06,114128.35408881678
2025-08-07,115022.09576830892
2025-08-08,117463.47451085235
2025-08-09,116688.36663186055
2025-08-10,116510.08393213755
2025-08-11,119266.92516880555
2025-08-12,118773.79960860992
2025-08-13,120202.53485503166
2025-08-14,123560.99363577305
2025-08-15,118405.59579823953
2025-08-16,117339.79190213277
2025-08-17,117501.21653394958
2025-08-18,117542.83687778088
2025-08-19,116256.41276740946
2025-08-20,112778.34483555844
2025-08-21,114252.39755195397
2025-08-22,112414.39987336512
2025-08-23,116834.24948202295
2025-08-24,115359.98346714744
2025-08-25,113399.54847314971
2025-08-26,110185.35443900425
2025-08-27,111842.70999260596
2025-08-28,111216.08479629169
2025-08-29,112525.59740669793
2025-08-30,108480.30666639366
2025-08-31,108781.95727925687
2025-09-01,108253.36092385623
2025-09-02,109162.68557992298
2025-09-03,111190.18209845416
2025-09-04,111711.51977725117
2025-09-05,110724.736377486
2025-09-06,110662.18112628513
2025-09-07,110209.1888247784
2025-09-08,111131.9923868407
2025-09-09,112025.12878118771
2025-09-10,111547.43956434788
2025-09-11,113975.32489468766
2025-09-12,115503.16663193036
2025-09-13,116160.14344594491
2025-09-14,115970.58488443034
2025-09-15,115373.55555886829
2025-09-16,115397.25272727509
2025-09-17,116762.8496864193
2025-09-18,116455.94648225319
2025-09-19,117145.49508952006
2025-09-20,115655.81046441344
2025-09-21,115715.51536781774
2025-09-22,115304.47999407038
2025-09-23,112696.74101711863
2025-09-24,112022.16587861195
2025-09-25,113320.56908541008
2025-09-26,108963.53013595635
2025-09-27,109710.20874667744
2025-09-28,109654.81021075726
2025-09-29,112142.57362752674
2025-09-30,114309.15041119447
2025-10-01,114024.22783550054
2025-10-02,118503.24451752483
2025-10-03,120611.71911591051
2025-10-04,122250.15186842803
2025-10-05,122380.93708463266
2025-10-06,123506.18520027678
2025-10-07,124773.50823074432
2025-10-08,121518.75593575071
2025-10-09,123352.50487523204
2025-10-10,121698.03066778315
2025-10-11,113201.74064138904
2025-10-12,110853.11663883903
2025-10-13,115189.5714637257
2025-10-14,115222.28302116522
2025-10-15,113156.56943826913
2025-10-16,110708.66960879423
2025-10-17,108076.72862033188
2025-10-18,106443.61194984635
2025-10-19,107156.00337647724
2025-10-20,108621.134857428
2025-10-21,110608.5714932665
2025-10-22,108486.10262716639
2025-10-23,107618.4266715404
2025-10-24,110048.51827291629
2025-10-25,110997.80437129698
2025-10-26,111620.3093731354
2025-10-27,114476.01227508577
2025-10-28,114182.79442806762
2025-10-29,112950.34863259472
2025-10-30,110046.66925837283
2025-10-31,108240.76528725718
2025-11-01,109573.90555629115
2025-11-02,110014.13556776087
2025-11-03,110650.2092823146
2025-11-04,106521.08673825761
2025-11-05,101635.2740227234
2025-11-06,103877.95965955159
2025-11-07,101322.6402945857
2025-11-08,103396.084215925
2025-11-09,102290.13714655167
2025-11-10,104709.67861656273
2025-11-11,105909.07272321742
2025-11-12,102960.77564500563
2025-11-13,101521.70859453593
2025-11-14,99730.4533956204
2025-11-15,94456.39368235337
2025-11-16,95508.31019889197
2025-11-17,94411.32947182967
2025-11-18,92036.7255045672
2025-11-19,92819.75921500899
2025-11-20,91363.27838693369
2025-11-21,86649.97257918229
2025-11-22,85051.8019295002
2025-11-23,84682.62429147748
2025-11-24,86783.84766839583
2025-11-25,88229.35740719768
2025-11-26,87310.33159950442
2025-11-27,90474.22677969698
2025-11-28,91279.06057176423
2025-11-29,90950.37695910994
2025-11-30,90841.45258193677
2025-12-01,90406.28448571145
2025-12-02,86281.49519776918
2025-12-03,91344.73275150165
2025-12-04,93619.43750817103
2025-12-05,92140.70419795791
2025-12-06,89307.09154512963
2025-12-07,89244.7620814118
2025-12-08,90162.90714007126
2025-12-09,90618.0535204608
2025-12-10,92723.21372069631
2025-12-11,92005.13714957413
2025-12-12,92494.17691640415
2025-12-13,90307.26028567803
2025-12-14,90257.4292885891
2025-12-15,88230.77409367911
2025-12-16,86413.9190195637
2025-12-17,87821.88919109134
2025-12-18,86064.94716216
2025-12-19,85450.3312009302
2025-12-20,88103.86075721023
2025-12-21,88347.94310567998
2025-12-22,88577.42038358838
2025-12-23,88491.12020788102
2025-12-24,87406.43636737975
2025-12-25,87642.60888119951
2025-12-26,87229.78066010943
2025-12-27,87305.95655961394
2025-12-28,87807.003210775
2025-12-29,87822.90829076794
2025-12-30,87156.56266080117
2025-12-31,88414.62856073362
